run,Rmax,Robs,size,connectance,sigma,mu,obs,pred,Rho
1,1.2,1.0960541659235514,250,0.6884294296614826,0.4669728100537747,0.20355819258838892,0.029533776480865283,0.05537592053027842,0.5372341741836407
2,1.2,1.189944109349699,250,0.7130367839708924,0.2503977242098369,-0.28466482227668166,0.14796794112260864,0.17200343337714083,0.1557009697325415
3,1.2,1.4434546332047105,250,0.06251446856185794,0.47577490790251986,0.11746431235224009,0.25077505154110563,0.16614250399165945,0.3430898452655538
4,1.2,1.5791131663628544,250,0.466798648936674,0.32562413794447975,0.03373780194669962,0.18494220984513854,0.1646429181269577,0.2729696118269722
5,1.2,1.2291870767304556,250,0.08359244838356972,0.3907732506212388,0.03445163415744901,0.12414749391579712,0.1616590649808371,0.27833780070438774
6,1.2,1.3708501745175727,250,0.8398836839478463,0.40179425266190655,0.11515606800094247,0.0296109483259493,0.044909616779254695,0.8815099060956354
7,1.2,1.227577037692128,250,0.9017754062078893,0.4083066812636124,-0.6367573095485568,0.164218617605177,0.18519340991740413,0.08833347704653291
8,1.2,1.159120066636261,250,0.35299244266934693,0.241152525965284,-0.20085425209254026,0.19051184409242736,0.16558365943897146,0.21475973857749858
9,1.2,1.1982531372784462,250,0.8855808996595442,0.22751532029261945,-0.31005360512062907,0.14720267159217018,0.17100748553943249,0.1585587195618338
10,1.2,1.1925598394177572,250,0.9749807163607329,0.12977355679506775,-0.4034547423943877,0.18351472807903435,0.1632990429055406,0.23868949694524333
11,1.2,1.183269197062612,250,0.4752860723529011,0.2509901812091714,-0.22314836643636227,0.17619932775154484,0.16841358095284134,0.1837390932820686
12,1.2,1.2003089467194406,250,0.8340272891800851,0.29271354606954014,-0.5094792251475155,0.1806509615225924,0.17832318212696197,0.11309036066440703
13,1.2,1.2182368785273827,250,0.7965212024282664,0.3232912423968338,-0.1772237243130803,0.15857851870977493,0.17602526216477443,0.14344206471415918
14,1.2,1.2834583450954098,250,0.5119782520923764,0.37489190784918014,0.04570211376994848,0.022622575701765416,0.027450625709147945,0.46991033881786026
15,1.2,1.1010658070805133,250,0.6009928595740348,0.46487526478658214,0.14476334070786834,0.022289745762048303,0.04193650090244776,0.8076906380225765
16,1.2,1.1885666464731641,250,0.7782154949381948,0.34669412370232455,-0.3279584781266749,0.1791139575287932,0.17882097854253434,0.11152936952494963
17,1.2,1.2544277206255237,250,0.46633514226414263,0.36604171348615494,0.059437970630824566,0.024662485414606958,0.02321327055702759,0.44512786796804443
18,1.2,1.1956325541232744,250,0.4213110189884901,0.27437255231392405,-0.13299321150407195,0.17775944043185915,0.1670423326373979,0.18673241888758282
19,1.2,1.1872737110389362,250,0.9592341801617295,0.41267694049162773,-0.18721811566501856,0.17744790965601134,0.18363826887945778,0.10024312079427997
20,1.2,1.1146787976181751,250,0.9726578439585865,0.3760005013143917,0.07447553379461169,0.01954534189469418,0.03642449331392352,0.5088495955477127
21,1.2,1.181877806372343,250,0.7198585602454841,0.2672100259049433,-0.35269629769027233,0.15754862783180723,0.17439852802025868,0.1303298216511352
22,1.2,1.3408227304211529,250,0.44117737957276404,0.49972035296077755,0.0767947263084352,0.02636194388410801,0.023989659513927238,0.4535465145913554
23,1.2,0.9335873020458672,250,0.7601159643381834,0.46148380175547077,0.17067970661446452,0,0.05233298825377474,0.4821753084761242
24,1.2,1.1832599996536197,250,0.8026680159382522,0.46684731935310225,-0.1614010720513761,0.1907047099150467,0.18470309877689417,0.07571666894452761
25,1.2,1.1772697922823083,250,0.9323372514918447,0.4290716652593105,-0.6508896206505597,0.17755371589449426,0.18603102251159084,0.0894365502797868
26,1.2,1.2198194907811113,250,0.6731263746041805,0.30460204068789143,-0.3967293952591717,0.20670636910211623,0.17711029839695708,0.12894728639051406
27,1.2,1.1744992545935833,250,0.4883215664885938,0.49062498772205326,0.17139600729569793,0.023315967884666455,0.04163322870879017,0.8609178532927686
28,1.2,1.1828178472047832,250,0.584205858875066,0.34153731913330587,-0.3556016441434622,0.15693453224565795,0.1773425698071912,0.12364389911854973
29,1.2,1.209253648590381,250,0.9268900989554822,0.21930830664158646,-0.11339947953820229,0.18900715496244258,0.16909548908669597,0.1777018768379689
30,1.2,1.31041086484011,250,0.4444830126594752,0.414549711803922,0.06463519390672445,0.025363544890118394,0.023808118903496836,0.5142072386807811
31,1.2,1.2591455632413133,250,0.880647154757753,0.15107276855307672,0.00833170861005783,0.1561021429557135,0.1618517357402198,0.31096583850678433
32,1.2,1.2628057782004753,250,0.14232814614661038,0.4526487357466663,-0.23477959539741278,0.21080062991497767,0.16699860273032638,0.17528361512667814
33,1.2,1.1833031811369341,250,0.21888715378008783,0.2156524506019917,-0.04606345063075423,0.16345255332815617,0.1613794003762622,0.29540070487188097
34,1.2,1.1838111263193563,250,0.9952681052964181,0.13366335722834727,-0.6597489365376532,0.15794618206038127,0.16318139058658482,0.23699767125073745
35,1.2,1.1487526453007981,250,0.9593239896930754,0.11316949509001621,-0.26203129068017006,0.14423872747603292,0.16203253553150734,0.2653989254224317
36,1.2,1.2033604983967512,250,0.116009924095124,0.29367924235329956,-0.19724177150055766,0.18072950458178655,0.16185447906077668,0.2614950259835101
37,1.2,1.3424686836475161,250,0.4724702893290669,0.4360387117846682,0.06789569137617946,0.027178121476033698,0.024615479073057587,0.4839920446781318
38,1.2,1.20403512330829,250,0.19802981242537498,0.341668830721738,-0.2611945807002485,0.19404434728139558,0.166593426609983,0.19342861067795852
39,1.2,1.2240895844472293,250,0.3591575953178108,0.4049094066185405,0.12572709610685706,0.03220543908097659,0.03159745909481733,0.7611233930522278
40,1.2,1.323833982056916,250,0.9689726263750345,0.45398848406897807,0.1709384606219828,0.038931689553960834,0.05917797679637331,0.9505812166497846
41,1.2,1.1891596647441036,250,0.8695611201692373,0.3387913565651324,-0.5205478449352086,0.1658572416371317,0.18074119173584366,0.12613524313847999
42,1.2,1.2214113458834566,250,0.8868841729126871,0.36152604346070005,-0.48177832877263427,0.18098535984124725,0.18153091315099876,0.09956118246483057
43,1.2,1.1749388958776263,250,0.5199181411881,0.2603351952056128,-0.0017608706839382648,0.16381583119545595,0.16686171714842166,0.192021445649876
44,1.2,1.5492737333765056,250,0.35713896807283163,0.47472998747961137,0.19225526647642255,0.028667228285407867,0.03888461452387946,0.4367072694423173
45,1.2,1.1984629621195135,250,0.9576589679345489,0.38244077120327435,-0.27055872371420264,0.18180849052393425,0.1818484338024576,0.11633473348293763
46,1.2,1.39003947550393,250,0.4742413049098104,0.43892606883366564,0.07812272757291794,0.03103349638575644,0.027157776576735335,0.4772893679295127
47,1.2,1.5974759769882243,250,0.2903283666819334,0.4561171009776466,0.14263252029195428,0.021987580523896467,0.030028195128848943,0.6751463573616564
48,1.2,1.4004239699152683,250,0.0513670111540705,0.2925995971407325,-0.09509114967659116,0.18946001433848852,0.16290443850595693,0.33340389263081516
49,1.2,0.9515947420217272,250,0.5175118276383728,0.4656308493372814,0.15865712985396385,0,0.041588500495715594,0.4223143805195338
50,1.2,1.2594899077206814,250,0.8765731728635728,0.31741135377815277,-0.4028985155746341,0.16964563493043425,0.17814725502491896,0.12010856719902747
51,1.2,1.2900769424285772,250,0.8754078084602952,0.3122484356354935,0.07552603119984269,0.022750173102404736,0.03817231103760507,0.848219811389152
52,1.2,1.14293669067701,250,0.9654449636582285,0.16593799822187302,-0.6372165763750672,0.1767418635464355,0.16796877969473667,0.18513573988917073
53,1.2,1.1643215836335445,250,0.27406441094353795,0.232754073363801,-0.16665034694597125,0.15787718671385859,0.1632846709371629,0.23757885015493843
54,1.2,1.5595977648882366,250,0.441936751594767,0.443597228641888,0.13998917723074555,0.02632098272156765,0.036389747093867525,0.7763566658686345
55,1.2,1.58251554252599,250,0.4592059012502432,0.47394182406264296,0.04205986484885216,0.21723035202482008,0.1620130735974083,0.1538062987191803
56,1.2,1.160598623364941,250,0.9991334488149732,0.15282471772982037,-0.7995833675377071,0.16822572254014137,0.16412751503343553,0.22999416251539959
57,1.2,1.2038414035025167,250,0.7005484171677381,0.18224887025943465,-0.19009305955842137,0.1531152038356995,0.1658484298556597,0.2072475842217921
58,1.2,1.1890851196310843,250,0.6467982672620565,0.2209215077728026,-0.23922657361254096,0.1644248090819899,0.16890525187050417,0.17647314134305114
59,1.2,1.180336204854848,250,0.8547257829923183,0.2919634086570388,-0.39752191910520196,0.20564509635810893,0.17656290586444387,0.12885291969234852
60,1.2,1.1494392036028045,250,0.2837934021372348,0.2560551985883493,-0.15711180958896875,0.11184537593356872,0.16406169673200444,0.23226835459710032
61,1.2,1.3492705606104638,250,0.07759263785555959,0.48076804052034955,0.09430538769811392,0.25951786208877203,0.16269858967895887,0.27763640534717726
62,1.2,1.1811887626408524,250,0.16714477189816535,0.44294442067158185,-0.12968356860801578,0.1793718145213262,0.16686013748758485,0.18186064847232913
63,1.2,1.3305242832720623,250,0.5370610919781029,0.3842005066152866,0.06869384832680225,0.03211869795201424,0.02640707245400946,0.539288903493704
64,1.2,1.2501633521732018,250,0.12252796464599669,0.488431663410066,-0.1346973804756999,0.1978358726400287,0.16592475982708407,0.20348490118306922
65,1.2,1.1872577806905573,250,0.18934183078818023,0.3943194967469159,-0.2610699962824583,0.18921767267473324,0.1679114260534425,0.17585063875643087
66,1.2,1.2086417770641076,250,0.1307410153094679,0.3074511506406816,-0.09746290137991309,0.15033615393597524,0.16177824034181018,0.2798771905507352
67,1.2,1.1822228574608327,250,0.4324298882856965,0.24707153257447304,-0.04585621180012822,0.12474345932928912,0.1649113486103627,0.2118940285576184
68,1.2,1.2194505234519957,250,0.5716874192003161,0.19074910522438815,-0.05561801930889487,0.14191893042430603,0.16357206017219075,0.22133997304636108
69,1.2,1.1866399289037284,250,0.9308430412784219,0.1431594664007621,-0.19424923602491617,0.18218163616569796,0.16356875388103817,0.23283692398965966
70,1.2,1.3476296605453972,250,0.2893319942522794,0.4554801451343723,0.15586940059438348,0.03525343644932116,0.03151366530411923,0.7342348304368203
71,1.2,1.1242574585155083,250,0.7254124479368329,0.46812905084915163,0.1744371629320085,0.028138527106568945,0.051617387563733456,0.5442193983191821
72,1.2,1.2194966772748168,250,0.93712277431041,0.34734640184304677,-0.9802714488469064,0.19127080675436325,0.18401185266637934,0.09557215128471529
73,1.2,1.423501524255997,250,0.26473210332915187,0.4890535180326759,0.1360567701049149,0.031360094077407114,0.027331456530776916,0.5141704690231571
74,1.2,1.2173134715101537,250,0.3734279873315245,0.42674916729513485,0.13706375751644373,0.035054248192498715,0.033532564046440984,0.7446030493678953
75,1.2,1.1930931044436714,250,0.9943987720180303,0.10626367429701757,-0.893411192111671,0.1460970208346448,0.1621967636629751,0.21932684094778238
76,1.2,1.2398499324532737,250,0.9961132616735995,0.28891625431505896,0.055922605097293854,0.020037891378177127,0.03464914678173744,0.7998091286706412
77,1.2,0.9806019094175781,250,0.2615615725517273,0.49355380043311053,0.9383874451741576,0,0.0735573612205267,0.5813639998125326
78,1.2,1.3149440914340855,250,0.20906329480931163,0.4892917168936758,0.13196234870702028,0.026758241978204853,0.024191942604915712,0.4779458932423242
79,1.2,1.1490082765298164,250,0.33720085863023996,0.43047030544035514,0.11874081613495946,0.030417312434786275,0.029355106803541486,0.6883054193229567
80,1.2,1.346166801823745,250,0.630801138933748,0.4909957115201533,0.2285658922046423,0.036696358456499316,0.056098820131226426,0.5925051495820608
81,1.2,1.2082811610759212,250,0.577478205319494,0.3407748684948747,-0.14319679467007518,0.17536492137154092,0.1737443002148602,0.14385946304165678
82,1.2,1.1676966761922196,250,0.7720093126408756,0.22621590609246464,-0.24849267024546862,0.17682273384863847,0.17004445193089202,0.16496114372822523
83,1.2,1.188340134589071,250,0.9069268146995455,0.22484860280295307,-0.13496603956446052,0.17381786232001017,0.16947484752574046,0.16874265622606008
84,1.2,1.2059050002787988,250,0.9839311498217285,0.31024275354232445,-0.7944646971300244,0.1691108191687684,0.178005181564085,0.11661448320275014
85,1.2,1.4677259838176975,250,0.9958676025271416,0.2333889594796906,0.016778136137872934,0.16834038449088312,0.178927031238396,0.3089107298365948
86,1.2,1.1954339506625016,250,0.8186322739347816,0.07860813220859095,-0.0036508040502667427,0.16041629273573263,0.16269302784621859,0.34093239808330816
87,1.2,1.1603509953289468,250,0.6843764821533114,0.2261247473151965,-0.24254239862784743,0.16008415887895597,0.16951513706495652,0.17792949525101903
88,1.2,1.219264934883294,250,0.71542530762963,0.44453008204333117,0.093503228854388,0.03656306769684604,0.03712849478432728,0.6438640088719603
89,1.2,1.199957812591746,250,0.695931883295998,0.12226145493119596,-0.1489284373819828,0.17489559852568262,0.16205000259486874,0.2574425236417285
90,1.2,1.192394647058584,250,0.9151145259384066,0.3887970884703685,-0.3683102601207793,0.1777604317197423,0.18234781001299558,0.09287579076687097
91,1.2,1.209449585713998,250,0.30987996771000326,0.3364947532926395,-0.029188879765570164,0.21625196882879827,0.16688469260443325,0.17413302862830743
92,1.2,1.4024128216190952,250,0.6237301167566329,0.44634213705496534,0.09075063839554787,0.03885691957174783,0.03398773937140401,0.49757916859526446
93,1.2,1.1739388163114783,250,0.723535192431882,0.37897566473472183,0.08692541858181357,0.01976241403044803,0.035674018377242295,0.48167865759463346
94,1.2,1.1418916716401848,250,0.73937520198524,0.2983932163913037,-0.10808866517618299,0.18205716497607413,0.17311608505305767,0.1475791383585827
95,1.2,1.2085283054850045,250,0.3399828509427607,0.4273957279889347,-0.2444563270546496,0.2081998645271432,0.17424310794378392,0.15012551353403122
96,1.2,1.234173180487111,250,0.23323979601264,0.2758111094991564,-0.08112774323672056,0.1864025675193627,0.16292390283421715,0.23068130776141438
97,1.2,1.2484759453200434,250,0.6650073134806007,0.37384314857813256,-0.424184444360435,0.1807843579088057,0.18094771742208265,0.11529520068351357
98,1.2,1.4992182934236333,250,0.2415490630082786,0.4725031556003566,0.05946838669478893,0.20354553043676274,0.1615666652934722,0.21535221696606408
99,1.2,1.1821537571539924,250,0.8315343982540071,0.08677036137576168,-0.02852502465248108,0.15588839202367838,0.1619207761521061,0.33840123376455133
100,1.2,1.3220517665881406,250,0.3782974018249661,0.49451485325126954,0.11877896636724472,0.03322812358515071,0.030788847116459662,0.6281750475522483
1,1.3,1.3252000102971986,250,0.5861011052038521,0.39923029668152754,-0.2707905825227499,0.2726595148719396,0.2678946447303128,0.10169564709711196
2,1.3,1.2727212587693506,250,0.5210548210889101,0.2709245578643168,-0.2836575754918158,0.25038794494112115,0.25998129899206485,0.14196601695320465
3,1.3,1.2570612271063162,250,0.8369774790480733,0.175256384075844,-0.1910658497363329,0.25701824522899225,0.2538907773679384,0.16944249860652275
4,1.3,1.1110873856672172,250,0.8744632147718221,0.44999904884021646,0.13904100842773914,0.048984933038647954,0.05106800353825428,0.8783105258297449
5,1.3,1.2763970059363337,250,0.6561159102711827,0.4007644066785284,-0.4293309049680829,0.275936715968748,0.2716516330864568,0.09303138105439895
6,1.3,1.2770126626729539,250,0.1541237214114517,0.4704716887276276,-0.23431139532476664,0.256709314209072,0.2564118952005799,0.12804189951394726
7,1.3,1.343749405189605,250,0.5215458415914327,0.3423754094706316,-0.3499087984673679,0.2589965675420224,0.26540839032327046,0.10453579445694469
8,1.3,1.2953842961021789,250,0.8458610521629453,0.3726764855557582,-0.6562060653232038,0.2896661697937379,0.27395089469821243,0.07091474735410763
9,1.3,1.184751347949536,250,0.6488822572864592,0.4517305648055483,0.06242567766457796,0.025125058103112257,0.024903940429234852,0.4424650333050216
10,1.3,1.5999433129194236,250,0.8791153053753078,0.4184136693848944,0.06744617177173495,0.02222292395627588,0.03172029951859105,0.3794630366527261
11,1.3,1.6495472056727811,250,0.7724844892509282,0.36854650473461287,0.05092227179557085,0.030404704262963687,0.02667850865011873,0.5360586526900194
12,1.3,1.0986352107587851,250,0.9709754802752286,0.47058757179560856,0.17212707409635186,0.030223860638746467,0.060396076656177786,0.550020817746336
13,1.3,1.2394737504710727,250,0.8537690734956414,0.2119737987199554,-0.29123914428055286,0.27320700136067944,0.25808188344235833,0.1488232274289156
14,1.3,1.3010430600110927,250,0.1719062274787575,0.4029616959239752,-0.27551838336512446,0.28402586401934554,0.2558070020565368,0.15403078167413975
15,1.3,1.2038801867744735,250,0.684241940965876,0.46106467681942315,0.17179168108850718,0.02723808155797862,0.05097908430056004,0.9064182723245644
16,1.3,1.311010822466231,250,0.5352631914429367,0.390040806012117,-0.3163784840144217,0.2594376653846028,0.26732837613624344,0.10741426707892857
17,1.3,1.2994129276825555,250,0.8237527045421302,0.12766596707759956,-0.12073482060804963,0.2425817218682584,0.25040582174585524,0.19936034623115859
18,1.3,1.32506526644483,250,0.33903666911646724,0.3349365359278407,-0.04481796082109213,0.2538994785254968,0.25574512615522504,0.12789770852990856
19,1.3,1.3459800966685354,250,0.0779710584320128,0.4438275976948553,-0.24195856228470802,0.22381182397143057,0.2511746376634553,0.17881546320761288
20,1.3,1.6613134548907487,250,0.3327350134495646,0.41456825875326964,0.04797623585909605,0.27534835060977453,0.2552754298424639,0.18945683471624952
21,1.3,1.2952070156024886,250,0.3516566609032452,0.3482652917672845,-0.22742107464000583,0.2872636785853529,0.2591929042879144,0.12658412865757795
22,1.3,1.355358810450291,250,0.8273342112079263,0.33029429558572765,0.04533554473891854,0.029186112192071356,0.028453956376455647,0.5814676258181174
23,1.3,1.516532290254208,250,0.9811082994565368,0.4282051928186493,0.0671275146305561,0.021736377753285876,0.03241768123174936,0.6688195660938343
24,1.3,1.3059959973205852,250,0.9946227285545319,0.08213284675866252,-0.5336610022932291,0.2695276634715361,0.2506421324955596,0.2422565731903566
25,1.3,1.2875846034997367,250,0.9924962574150413,0.33108168792566034,-0.13514542253687978,0.2766193134460169,0.2676229932561178,0.10437027858167643
26,1.3,1.3558481462610594,250,0.3552177206147462,0.4675413512410182,-0.2675271504558623,0.28252147073872896,0.26570423082736533,0.10681822817441378
27,1.3,1.2758198298481336,250,0.4337802496738732,0.2143315631758233,-0.16002143640071154,0.24712872416452308,0.25275451111252045,0.16294899118748862
28,1.3,1.2917584480000044,250,0.6457559140399098,0.25615978942385204,-0.15553440665826201,0.23920840151418887,0.25785280456486576,0.1393489476208353
29,1.3,1.2676093595380764,250,0.8270138052757829,0.2839721486958357,-0.11206955648958683,0.2346608077231058,0.2617889819984553,0.12594476070196875
30,1.3,1.3092309056783074,250,0.9686698699370027,0.3175907293991297,-0.4906958700157702,0.2796369866588959,0.2671257851566483,0.10794134302467294
31,1.3,1.2651558110355698,250,0.4280717349611223,0.47710887228101,0.11591451289132237,0.03222067442354196,0.031931005032792094,0.6541613461562149
32,1.3,1.4260139865845771,250,0.9565404644235969,0.39026390988130755,0.05039249313995242,0.03230439165958383,0.03036350320633207,0.42717015228184707
33,1.3,1.2562825840297607,250,0.2700639271643013,0.15605310888185178,-0.09136646706610918,0.254679945510634,0.25063126214097703,0.23750777926069266
34,1.3,1.275182828247806,250,0.7475346145220101,0.23000371222039603,-0.25988690461963415,0.27456982879960234,0.25877983983876546,0.13208891856265953
35,1.3,1.3206701140483754,250,0.24475061940029263,0.3084694301297056,-0.14933597762137651,0.2602825452846448,0.25307067534973443,0.15203848585846494
36,1.3,1.360277556172466,250,0.08456379012204707,0.3851384424107511,-0.1714263129979372,0.24285318914141343,0.25030243541403624,0.17720316815584242
37,1.3,1.3213354121621728,250,0.4368937495164573,0.3961352655926504,-0.20320036867633462,0.29553336736195374,0.2634678823162165,0.10926880300139874
38,1.3,1.2955847359278196,250,0.9139237087219954,0.16966120949896613,-0.1616984843276441,0.2709819608962197,0.2533080698994047,0.16177117187366316
39,1.3,1.3075154499832202,250,0.6538147164974362,0.29639672374498904,-0.31503745587542653,0.2599636233051457,0.2636574354422386,0.10858796871826217
40,1.3,1.3555159958113376,250,0.8993613056372851,0.23586635024259658,-0.4948550956323743,0.284516380670957,0.262427718013522,0.12220000651795314
41,1.3,1.3683755509761144,250,0.7849004792515188,0.3228489072060892,0.05322403647005558,0.03154406365101529,0.029796442039958182,0.6300861270926301
42,1.3,1.352244829737539,250,0.4503252182621509,0.4852011457249338,0.128355348482728,0.03542634086446038,0.03465778517267214,0.7240394795681843
43,1.3,1.3120887244637933,250,0.3404061202891171,0.35623793193526704,0.014596115332096815,0.2509235978229928,0.2568179658383573,0.13815387929668715
44,1.3,1.2409977225168352,250,0.7166148738469929,0.2071080648614458,-0.17400682996958494,0.2288440791189157,0.2553934745993885,0.16297014468322227
45,1.3,1.8378996503570773,250,0.7236565328203142,0.30820473718627894,0.05813635652884841,0.03650161740893817,0.030501606927112093,0.6814518559140934
46,1.3,1.3696152906195114,250,0.17997811478562653,0.2570361661074258,0.03604938415810466,0.2662166957130479,0.26069222276274184,0.38058876602448494
47,1.3,1.504283222305163,250,0.8842738196253777,0.4614835377725356,0.09245087159797549,0.043512990993857,0.0377500683549293,0.695455250670709
48,1.3,1.2718283729112176,250,0.2602391114924103,0.22975670251552205,-0.1542276837863028,0.2295977145714252,0.25092208972921676,0.1917287624257379
49,1.3,1.2515198667575385,250,0.39576007961295545,0.17140015744815548,2.492545172572136e-5,0.24650933654232302,0.25005033749102784,0.2202007271995114
50,1.3,1.329420584745081,250,0.8802973628044128,0.45582363416709265,0.09340480621904135,0.04154702408370452,0.04194582667603443,0.6803617878260861
51,1.3,1.3026048233473422,250,0.5697198500856757,0.286309867246226,-0.20463286060839891,0.27430810863306554,0.2596940545383943,0.14292435360744113
52,1.3,1.2904148108667102,250,0.3098569007124752,0.21280921882119005,-0.032506450079381466,0.24619424030566775,0.250217463937014,0.19478284657330905
53,1.3,1.5311677199378624,250,0.02725145034492016,0.47113186568048837,-0.0793488621711731,0.31316284680155937,0.251858053904347,0.1935264579951875
54,1.3,1.2578112531402839,250,0.9317197441123426,0.144596997482911,-0.056187658570706844,0.2776419385373368,0.251215359263559,0.18321643051940953
55,1.3,1.344157282641843,250,0.9759988246951252,0.17481650705946983,-0.6397610525600612,0.2684337154196872,0.25598348400526777,0.14858981269358879
56,1.3,1.2585572757683152,250,0.954935479676351,0.3177273647015042,-0.5406259908340871,0.24191381125759254,0.26762601596775315,0.10079219302268254
57,1.3,1.3651986019896216,250,0.7091244992334396,0.38618945840036,0.06033195508643985,0.03114159179123766,0.030118240600001917,0.5292029971953137
58,1.3,1.2727896532842882,250,0.5753254322335124,0.12749246124259023,-0.06027035042643547,0.2635753573932912,0.25014948263741554,0.21838571126816342
59,1.3,1.3291863255020049,250,0.6945863044820726,0.1714128195375499,-0.1325184190645814,0.2608307322004205,0.2522695418308385,0.18166083812334952
60,1.3,1.2959796606605156,250,0.9983559944666922,0.1347442997024566,-0.9360152264125645,0.22375807631195901,0.25115806218151915,0.17412666061849347
61,1.3,1.2727410865081212,250,0.30033476068638265,0.25212816531918125,-0.19196927081793547,0.23544644517615043,0.2529300507388677,0.17662189908614567
62,1.3,1.5715701779613007,250,0.7267718077637255,0.4397354013566793,0.09474177658557892,0.02516986023798415,0.03656484164151376,0.40743325351948545
63,1.3,1.3656916828418932,250,0.7912929174490273,0.38475333590925465,0.06954821851104498,0.03433199346003128,0.032898870389520926,0.6369813220459775
64,1.3,1.2970622036246324,250,0.38053890923038125,0.3806185736223917,-0.20355417393147945,0.2629686714040723,0.261161235149858,0.12215183814340548
65,1.3,1.280641330560143,250,0.7580485539510846,0.14744675479230937,-0.1872777440585196,0.23529149170855765,0.2519553796197836,0.17134458616513673
66,1.3,1.2993138871763714,250,0.5573771432973444,0.30022371182265367,1.8048612400889397e-4,0.2758811432926545,0.25834837511145153,0.1412274690316166
67,1.3,1.286676546596781,250,0.9422201933339238,0.2144080098536075,-0.5237850211560726,0.2613899822719867,0.2599450437659867,0.1328438100755269
68,1.3,1.3296643756464919,250,0.5910515326540917,0.4150746554009713,-0.1466076197102666,0.25585276299098186,0.2673905333551964,0.10291550635022569
69,1.3,1.4042798165233266,250,0.3118419130332768,0.4530635181456274,0.04076529433950782,0.26377441917638117,0.252595059601691,0.13147608594951232
70,1.3,1.3578498376231163,250,0.13402434368617833,0.36847100347064893,-0.2033010204322636,0.3039691633712746,0.2519599696887821,0.1431663410918634
71,1.3,1.4042430746229557,250,0.13040976109914482,0.44191433720899975,-0.146777736954391,0.282150295170162,0.2531698133096567,0.1432379957369901
72,1.3,1.2982383279714615,250,0.43242872622795403,0.21236207731258916,-0.1657917844131589,0.27183784477703365,0.25276523955871527,0.16729350984656605
73,1.3,1.2737277277406511,250,0.5557015801314265,0.3444343157224538,-0.3103860239498317,0.27296928161993256,0.2650914373002793,0.126762418659617
74,1.3,1.4057151792593428,250,0.05250696465373039,0.46537713702047373,-0.28363387705758214,0.28843487445355376,0.25038457496465466,0.16957016506917594
75,1.3,1.268827664019228,250,0.5668280185200274,0.10992371102349666,-0.08637142041698098,0.2519850574089556,0.25046696258308127,0.24356792876780656
76,1.3,1.2889309615030737,250,0.4676102576777339,0.2388506941514069,-0.14082331024110317,0.24434811149508454,0.2540762857741324,0.16129842347864887
77,1.3,1.255474113506432,250,0.98940150719136,0.09201000087099645,-0.4111931608058512,0.2643184812580587,0.25017701684554966,0.2391876865387788
78,1.3,1.29592273401466,250,0.6305668156128377,0.11304224326179373,0.004904550965875387,0.24648451945221656,0.25289815959978207,0.28626799990708257
79,1.3,1.240741690476791,250,0.9973121744114906,0.3082961181446714,-0.843011180870235,0.2542979411263709,0.26608482219944096,0.10405938585881949
80,1.3,1.2637348499657854,250,0.7736733832862228,0.4062465195353794,-0.2593248011544347,0.29990640720292094,0.27095538596580737,0.09046223421686961
81,1.3,1.5336580300142235,250,0.9076342256739736,0.31818508142339225,0.039301290176808834,0.029441266158208093,0.02598560021019852,0.47079284940441507
82,1.3,1.4471119965852448,250,0.8438619447406381,0.37072780521769294,0.05097152618691325,0.03236775374667926,0.029679317105236032,0.4811451761027224
83,1.3,1.4250321289424148,250,0.38807113096117973,0.3698952870640071,0.07538776099681854,0.0295157431538069,0.025428392867088877,0.4687863991207714
84,1.3,1.273712113643166,250,0.2918725546915084,0.31631247048175204,-0.25123210810124874,0.2654425187248066,0.256628370373475,0.15733063564267283
85,1.3,1.2624718333237601,250,0.9910995657555759,0.3281503729888574,-0.5182306985370815,0.25647325796576764,0.26764213618937865,0.10229206781023666
86,1.3,1.2946899778831793,250,0.9023391001392156,0.21326430394440798,-0.35447789542376995,0.24936512616632142,0.25873816626397234,0.14451004343189353
87,1.3,1.719995174746909,250,0.542484472040087,0.3909225171990691,0.03344029886648059,0.23286504957577633,0.2470686206761814,0.16288135911288718
88,1.3,1.2377572236682517,250,0.5782106232363731,0.15078242921286011,-0.14395743841305375,0.2514911264633902,0.25089613798593363,0.1904984912086883
89,1.3,1.3435761171930702,250,0.8582925058435649,0.23779423931702842,-0.28348771715536714,0.2637282005640476,0.2599347415648897,0.12301810870841517
90,1.3,1.2702755585245247,250,0.47145652305334806,0.38133037771552547,-0.29321755887940526,0.2800444300094961,0.2651461940447336,0.11830530466403401
91,1.3,1.3141001339446918,250,0.8295907794963568,0.2077668473242747,-0.22326880786567926,0.25068660567076123,0.25674464529981106,0.1432783035138559
92,1.3,1.3338568814578873,250,0.6126517285592854,0.36029626213844823,-0.3636381272226572,0.2772131898983927,0.26787815683315835,0.07761890076863417
93,1.3,1.2760638641063524,250,0.7850864783395082,0.3971696968917157,-0.5252135782502592,0.27590725623453244,0.2737092942939225,0.09428259532194491
94,1.3,1.2968022431772228,250,0.5027357821818441,0.20829424038608058,-0.1035781754180789,0.24619765541894595,0.25232731547085924,0.1831105103988666
95,1.3,1.2795501322574696,250,0.6192727661691606,0.461515746556111,0.08835267322137952,0.03286747085331764,0.03394088383651356,0.5758657955634356
96,1.3,1.2952379718797822,250,0.3733808563556522,0.4216655648177661,-0.3093936094082892,0.27035707400371306,0.26497972850773494,0.10753487874099239
97,1.3,1.329685769236276,250,0.26612459192983806,0.2256682267588866,-0.15178206469863653,0.2576818510521094,0.2508641375904679,0.17664066293891534
98,1.3,1.3200330802495273,250,0.9981980193406343,0.167855691230921,-0.08206318831071258,0.2456295311916533,0.25323068911959334,0.16517308730237432
99,1.3,1.3224499897393258,250,0.09403081983327866,0.4336214712104661,-0.14717910485342145,0.2693172702979233,0.25117572372708064,0.15904943753304207
100,1.3,1.2964553994835446,250,0.989370686467737,0.1576622442391595,-0.9919936219230294,0.25262585723941633,0.2549296706216176,0.13726314155984257
1,1.4,1.4135172266815026,250,0.5764823181089014,0.2466184967511711,-0.004088225774466991,0.30555973220278404,0.33320593307640767,0.1118295710167814
2,1.4,1.5611371062431991,250,0.042030365439131856,0.3550960997376388,-0.1070666154846549,0.3520996957289465,0.3336368932892592,0.15954330283417023
3,1.4,1.3933998172500686,250,0.48531804978847504,0.3015927943384019,-0.30499870562925935,0.34388746714483526,0.33949863913011785,0.08238723344319498
4,1.4,1.4052423713642634,250,0.8427939775865525,0.378655332625901,-0.33308783173561096,0.3363161381244723,0.348278449247366,0.07596331100281528
5,1.4,1.4228763206343689,250,0.6428558183833957,0.2612787567599283,-0.31415488198399544,0.35773888101732043,0.33939864721822655,0.08987136653710931
6,1.4,1.393788688895975,250,0.98379503400065,0.3140302421854081,-0.5015927939675748,0.3739990053346975,0.3444429382404788,0.07467449809237205
7,1.4,1.375651017481791,250,0.36600975738838315,0.16294985724603128,-0.08698975527659059,0.3173143200184709,0.3298125287623189,0.16618193102712522
8,1.4,1.3939738568032232,250,0.6941660717129707,0.16123751837871705,-0.1617941870354116,0.36184737513825416,0.33075564754411235,0.11942341607577954
9,1.4,1.400039103184962,250,0.9575590018648654,0.25498178079493716,-0.12891936488449574,0.3586667174465673,0.33875053163417523,0.09617530345597004
10,1.4,1.4339651061997125,250,0.14271344989538193,0.18859549447351878,-0.045281996950507164,0.3119404283980798,0.3342997233268409,0.20018254166439695
11,1.4,1.4214487293412703,250,0.8739752059336752,0.4720493809217143,0.062226113863289356,0.03197435513444137,0.03186787086990639,0.3799491992356667
12,1.4,1.3352171700080404,250,0.8795870575122535,0.343767785541757,-0.7025400381535292,0.3595615128052896,0.35020625492209645,0.06637663619132418
13,1.4,1.6003437459037424,250,0.020832556067034602,0.4383710549854439,-0.13486068090423942,0.3733637570871648,0.33618766627883995,0.15542499457749007
14,1.4,1.3858118471089211,250,0.6799142265226692,0.31741182028486575,-0.3672218322753906,0.3742489290608005,0.3440251050419337,0.07930822335765651
15,1.4,1.3314700578315375,250,0.7379653179086745,0.4672241160009343,0.0947944694198668,0.03665423227343393,0.03713687293606308,0.6862140849010666
16,1.4,1.7721411169390293,250,0.7547770550008863,0.3503272871005166,0.04692994989454746,0.03205316699956626,0.026891911308568456,0.3434993666458379
17,1.4,1.3736395009435876,250,0.925334500381723,0.3614534275383884,-0.11346434149891138,0.3607450038644398,0.3468475074882129,0.0757286888913739
18,1.4,1.3450918225921553,250,0.7606502913404256,0.12461086963107605,-0.12771464698016644,0.34778013914623146,0.329579845565385,0.14961110530314953
19,1.4,1.603516934978658,250,0.06518910732120275,0.338623438385964,-0.08996135462075472,0.3696436911355604,0.3312918478356512,0.11583824428705117
20,1.4,1.4367291543882699,250,0.4336433643475175,0.39376763688694094,-0.3445641133002937,0.3332921459001006,0.34384845901772215,0.08397844695103682
21,1.4,1.516904269244322,250,0.06405425746925175,0.4426503313135592,-0.27069246117025614,0.33433274847278405,0.3297216740289372,0.10478542732410721
22,1.4,1.4187210199387235,250,0.8038055947981775,0.28425531748754324,-0.14341915305703878,0.3476698747079386,0.3396448407850891,0.1025848615875119
23,1.4,1.4449347511534494,250,0.3139322865754366,0.2827637940345394,0.03137696674093604,0.3495933587922028,0.34204879197727694,0.2770256878927382
24,1.4,1.3689792315566922,250,0.5555603010579944,0.39473365943628486,-0.0282698143273592,0.36750881442604794,0.3425266736036107,0.07903726298752463
25,1.4,1.4246282700110542,250,0.6956451756414026,0.15257261450251025,0.006481021177023649,0.3260108906088732,0.3295915021435504,0.13076673932227337
26,1.4,1.4552051683954572,250,0.2390992173459381,0.36857244911030956,0.030862359795719385,0.3288806894294513,0.33133051798762836,0.10802698770767943
27,1.4,1.3635701698994247,250,0.9357475258875638,0.2394341894180773,-0.18577653216198087,0.32360144416769665,0.3374518524801147,0.10237259425214068
28,1.4,1.3510426037610284,250,0.9080966501496732,0.26944544502702866,-0.5324374199844897,0.31881202908903206,0.34289113071268246,0.08997308009942817
29,1.4,1.7754866771632376,250,0.032801761757582426,0.452221489805489,-0.2107015852816403,0.37608271020574885,0.33118995903283377,0.08366505868404536
30,1.4,1.388410256267642,250,0.8945368265267462,0.26407247400899275,-0.5289082978852093,0.36378332525659796,0.3428135465989421,0.08199559773556378
31,1.4,1.3944689639735726,250,0.08780932705849409,0.15859751463754737,0.0027275108732283115,0.31517240421411036,0.34279516590442405,0.3552241231052468
32,1.4,1.4186326465351222,250,0.8039815516676754,0.32503920336156855,-0.44683912256732583,0.3555335523206353,0.3462646128522884,0.07783314621029586
33,1.4,1.3469230288143728,250,0.9672744758427143,0.37950882917727347,0.08418900799006224,0.04135117013177724,0.04230690611047057,0.8026664660137364
34,1.4,1.6942011961991144,250,0.7499467711895704,0.2860373708814831,0.02755747688934207,0.22229211841854005,0.22126190308037036,0.28015015433542223
35,1.4,1.348600839120595,250,0.960512651829049,0.2646022283881437,-0.807634636759758,0.33992009412430735,0.3432424681450662,0.07503509480817291
36,1.4,1.4268981183820615,250,0.2815670676063746,0.13989723572872692,-0.007898158859461546,0.33244751434567144,0.3339942823863816,0.19575550286482382
37,1.4,1.369350311803931,250,0.6756567596457899,0.2730280456799315,-0.1726704342290759,0.32678452430324056,0.3376586220719308,0.10133449904497865
38,1.4,1.3964898352800288,250,0.9833839593920857,0.2159935300203044,-0.9050458213314414,0.32522452700508836,0.33810858366582397,0.08896533011534079
39,1.4,1.3604528547148529,250,0.6157473686616868,0.39813348341229216,-0.40936920838430524,0.3608582657425731,0.34844203857070194,0.06156491214443833
40,1.4,1.4101228953251568,250,0.9367296297568828,0.3634981063565209,-0.40011088317260146,0.34980704365729354,0.34803428216414684,0.06855587551730617
41,1.4,1.3536397125916488,250,0.9184687009546906,0.34798819528949543,-0.6724882703274488,0.3464263426463157,0.34917826400209045,0.07228652015068007
42,1.4,1.418217720050089,250,0.9498623053077608,0.20261010979516042,-0.31061482103541493,0.3392375724320227,0.33505447689460394,0.11343470626700021
43,1.4,1.3584552490320534,250,0.745566479396075,0.48719163409466865,0.13166295737028122,0.0474702462949129,0.04570433250449335,0.7534028706590765
44,1.4,1.3527315070333639,250,0.9960188500117511,0.17056885287179896,-0.6733669242821634,0.3235671636519871,0.33226351857774333,0.11664257395432313
45,1.4,1.2790438143649132,250,0.43737110518850386,0.27703444402633154,-0.1522925845347345,0.31429990684857395,0.33410090213694715,0.12126278893134776
46,1.4,1.3902659399401285,250,0.8683879398740828,0.3012893295829619,-0.3590688966214657,0.3330221278300613,0.34345321595381145,0.09091223530847961
47,1.4,1.3732372152638788,250,0.439884313615039,0.44211252405522405,-0.2692207540385425,0.320397282848155,0.3447517469186053,0.07512756496033572
48,1.4,1.3444393164830286,250,0.669885935029015,0.3747640505179663,-0.03814900293946266,0.34938660434211505,0.34357441050372034,0.08344837333277276
49,1.4,1.408708570194191,250,0.2573835786897689,0.4511717373395814,-0.19632962625473738,0.33908333347444997,0.3381829571672502,0.09029302882392967
50,1.4,1.4127472196217834,250,0.5578804947435856,0.27091030369806385,-0.15155107155442238,0.3501625478598646,0.3356479224649406,0.11606465693897094
51,1.4,1.4845674290066764,250,0.091436673887074,0.4666765734062005,-0.279496428091079,0.3454386672597116,0.33132504387027994,0.09710223023121584
52,1.4,1.3688828620927362,250,0.8057093352545053,0.37719916176734597,0.06555295549333096,0.03544902956013089,0.0333827247067458,0.6060972710625667
53,1.4,1.3678182475011613,250,0.45735835074447095,0.29655735044341525,-0.284769494086504,0.3334056601658283,0.33827385513882874,0.1116418805508554
54,1.4,1.247410927564677,250,0.751494076102972,0.48828633634907587,0.11113680712878704,0.040220389130052533,0.04087224494480143,0.7467498692256251
55,1.4,1.4064201197304942,250,0.8100706038530916,0.42701828209003406,-0.10991745768114924,0.3803890512284102,0.34959137168700005,0.07806321549814417
56,1.4,1.4418464145013083,250,0.9619289541151375,0.2520110476502498,-0.29216146655380726,0.3344660895008811,0.3389744909684375,0.08981593120132682
57,1.4,1.4044013170116276,250,0.603849291568622,0.1406756442070586,-0.05547317862510681,0.33713485505656615,0.32967620378747575,0.1463602128148612
58,1.4,1.2751114492022821,250,0.9906647803727537,0.47518905557824664,0.05406415741890669,0.02689964658835365,0.030086623607003433,0.43128447297457884
59,1.4,1.60853068667675,250,0.462636501993984,0.47071559471428376,0.04138553934171796,0.28366007840014806,0.30283202076591503,0.12340763520282928
60,1.4,1.34638212736259,250,0.5707892789505422,0.3873270369641043,-0.11230550846084952,0.315748750886047,0.3427834138116552,0.07814694794063251
61,1.4,1.3816171128103107,250,0.8382465220056474,0.2751999582368669,-0.3735869540832937,0.33496338792871544,0.3418706760752758,0.08726424296352599
62,1.4,1.3581654233056173,250,0.8142886396963149,0.46328353260476113,-0.4566685473546386,0.3461523685701091,0.35397384781428837,0.06260003385363494
63,1.4,1.3563756064756425,250,0.41184550686739385,0.1733596753320473,-0.11984306154772639,0.323205678375271,0.32962695598568104,0.13900526269561764
64,1.4,1.7784357071395638,250,0.5692947157658637,0.4151470145478556,0.08520435960963368,0.037756075469249216,0.03244312994080784,0.5253175018546267
65,1.4,1.3798176201594434,250,0.7839468927122653,0.40216473498040284,-0.31990807317197323,0.3139346317732502,0.34911478413160657,0.0651139218521365
66,1.4,1.622853355175795,250,0.6641820264048874,0.39262386049727666,0.03853407362475991,0.12461752764995707,0.12216241238426769,0.22501331429540838
67,1.4,1.5515113570156702,250,0.9892663010396063,0.3675657835820415,0.0566806560382247,0.03792252311744119,0.03515323215549424,0.40084242526589875
68,1.4,1.4385793491494687,250,0.17687323805876076,0.42822824702341766,-0.2772076362743974,0.3588285225262166,0.3350341382579522,0.09891123732525353
69,1.4,1.3504876566110855,250,0.20259898528456688,0.37290192427437285,-0.15053548431023955,0.3104336661404688,0.3325009195738692,0.12184534774618896
70,1.4,1.3314069007056115,250,0.8609095038846135,0.4983777981050663,0.05210439674556255,0.0250904049887982,0.026461525874432994,0.3470861737064443
71,1.4,1.510011785308834,250,0.8897398319095373,0.3197560632292063,0.03700878983363509,0.029479914748295418,0.02573381483560378,0.3351040797968842
72,1.4,1.3645789345525035,250,0.3132865766528994,0.3984915217830206,-0.2565360935404897,0.3120466289235927,0.3389383752494269,0.09998400369277186
73,1.4,1.3772413553127563,250,0.9331592563539743,0.15031607486132534,-0.3053685910999775,0.3099329328554059,0.3314244524373131,0.12579116670529442
74,1.4,1.3339560750856754,250,0.8260250992607325,0.22647834104536857,-0.2341962642967701,0.2909538758666156,0.3363652201308266,0.0968129624565523
75,1.4,1.330599243777322,250,0.6199107763823122,0.47344396501219455,0.13559005735442042,0.04381854408943439,0.04297338519562102,0.7725563982622518
76,1.4,1.5030351453986357,250,0.8730332448612899,0.46710809371238937,0.10025661531835794,0.04587974613796869,0.04399333802134889,0.468100193520453
77,1.4,1.5994555954376333,250,0.6948294665198773,0.41736343914098184,0.0701887016184628,0.0364221429738797,0.03270938189257734,0.38368974039285736
78,1.4,1.5364969752853452,250,0.03104931698180735,0.3822414700827899,0.05637421552091837,0.3890904141702632,0.34081560284987394,0.21541987383284605
79,1.4,1.3814106231184273,250,0.48352195019833744,0.3545812678349241,-0.36263954918831587,0.33131796891806536,0.34347739584313663,0.07946615115913606
80,1.4,1.4847446228665173,250,0.12134662037715316,0.23896219777391833,-0.12706062477082014,0.36660757098601277,0.33086515553887785,0.1262395847182973
81,1.4,1.5067765485081817,250,0.4059839751571417,0.4848968207307419,0.1404498848132789,0.04076090675632328,0.03551219809555723,0.571435025096931
82,1.4,1.3787409880511954,250,0.6409128017257899,0.3561288592896014,-0.43056780425831676,0.36210137570780804,0.34709195145998767,0.07290392372760697
83,1.4,1.3444116522809548,250,0.7271190732717514,0.2757566070658768,-0.19531300105154514,0.34650270585020565,0.33873715607255916,0.09173591299420351
84,1.4,1.362871211946111,250,0.9224243960343301,0.15881212085298843,-0.28865628503262997,0.34673191018761185,0.3319093645494123,0.1213941456680397
85,1.4,1.4048836661983604,250,0.30694216676056385,0.42343486038595335,-0.23534625675529242,0.3498428389822211,0.3394163663289224,0.08877263579123798
86,1.4,1.4380434789261267,250,0.06270567793399096,0.4474940671674983,-0.01177787035703659,0.3194715070203501,0.32967565545510097,0.14179993166533902
87,1.4,1.3692207736477078,250,0.8024738219100982,0.3695000425454545,-0.3311582552269101,0.35994451032192926,0.34741846813419885,0.07879435733882262
88,1.4,1.585907208405958,250,0.04208236560225487,0.3595040751367618,-0.01345817930996418,0.3661237676699454,0.3341053631794692,0.13873218610248056
89,1.4,1.468654336573239,250,0.17131523694843054,0.4945675369972548,-0.1614029803313315,0.33014888288248484,0.33544180591255374,0.10023351576972123
90,1.4,1.5979880965070021,250,0.7849055293481797,0.4191102124137503,0.05241626687347889,0.028321935468797098,0.026371816844957412,0.4094600506260803
91,1.4,1.3717485298842016,250,0.18873645178973675,0.34890826739758024,-0.21904437663033605,0.3270885541816289,0.33216504354455606,0.1090317884674321
92,1.4,1.3495511233610524,250,0.5866932347416878,0.45621806286160393,0.12976442743092775,0.03991889940665141,0.04102571819071452,0.7483481859491629
93,1.4,1.375771106288573,250,0.838786777574569,0.1334523546132632,-0.1983714336529374,0.34991394268584164,0.33017567581263807,0.13078835839581943
94,1.4,1.407705826881978,250,0.7575677547138184,0.3348637089722541,-0.5075453626923263,0.33587228455285195,0.3479490419240253,0.07652655773264236
95,1.4,1.4300426372355934,250,0.28938057529740036,0.2791736390701049,-0.011305840220302343,0.35408252184544614,0.3305429311387687,0.12229597416108
96,1.4,1.3974596726548716,250,0.813419688725844,0.2603913209177734,-0.3705144342966378,0.34586902486852267,0.34090309193123725,0.08897611599527078
97,1.4,1.360518971339397,250,0.9609755261335522,0.2715883878280413,-0.9530199593864381,0.34142759289412333,0.34491961463037424,0.08551516588564637
98,1.4,1.5117696504163949,250,0.544680257095024,0.43461898115315584,0.08171674190089107,0.033249755850650736,0.03046884361091154,0.5095137076962826
99,1.4,1.5169047477190252,250,0.9552549745421857,0.36208862835441186,0.02143037971109152,0.29615666568141685,0.29299336845491497,0.1339845432296035
100,1.4,1.3628218557595038,250,0.8639711299911141,0.20329735725856046,-0.2332141543738544,0.31879342114627884,0.3347262938665878,0.1094163080541709
